{
"node": 
{"total":2298.042705000378,"times":[45.32788500003517,44.990170000121,46.34514200035483,46.71274800039828,46.365372999571264,46.335238999687135,46.355626999400556,46.809938999824226,46.649594000540674,46.4249430000782,46.63956699986011,47.06139800045639,46.718768999911845,47.02923099976033,46.658218999393284,47.601076000370085,46.51231999974698,46.974636000581086,46.84571999963373,47.04677699971944,46.45722400024533,46.803977999836206,46.93327200040221,46.93655799981207,46.67834299989045,47.143948999233544,46.06475300062448,45.39975700061768,45.64403999969363,45.25975199975073,45.035756999626756,45.001356000080705,44.99496800079942,45.0501669999212,44.989753999747336,45.12555199954659,45.010928000323474,45.06960899941623,44.851420999504626,45.19394600018859,45.0385969998315,45.2054909998551,45.00800000037998,44.97087699919939,45.459972999989986,45.46734199952334,45.31791799981147,45.14739800058305,45.486949999816716,45.70347000006586],"sum":-67.62388206014354}
, "ark": 
{"total":4609.750069,"times":[87.253283,90.593229,91.15202099999999,91.95663100000002,92.092894,91.897649,92.18129699999997,92.41663300000005,92.39404100000002,92.30903,92.31678099999999,92.45845200000008,92.62532099999999,92.7740490000001,92.16634099999987,92.39109499999995,92.7928300000001,92.75824799999987,92.8414150000001,92.62445200000002,92.41698999999994,92.59203000000002,92.34636599999976,92.64398200000005,92.87870199999998,92.67407000000003,92.83552499999996,92.72971899999993,92.80897300000015,92.87349199999971,91.93751299999985,91.9879420000002,91.86600200000021,91.62093199999981,91.79091000000017,91.73592199999985,92.31726000000026,92.41829899999993,92.373787,92.21334399999978,92.17050000000017,92.18837299999996,91.8881550000001,92.02358999999979,92.57423699999981,92.1508589999994,92.32157599999937,92.01327500000025,92.35489000000052,92.84177399999953],"sum":-67.62388206014354}
, "ark-int": 
{"total":4289.9324,"times":[85.522429,85.26200200000001,85.54938399999998,85.42516899999998,85.593591,85.46113400000002,85.24557599999991,85.44477300000005,85.42598400000008,85.16929599999992,84.95818300000008,85.21016400000008,85.2194390000002,85.20064699999989,84.95010399999978,85.29463899999996,86.08189500000003,85.90986300000009,85.29521100000011,86.18839000000003,89.76671399999987,86.877254,86.511123,86.37892499999975,86.57648300000028,86.90829699999995,86.2636779999998,85.90886099999989,86.22514599999977,86.27399400000013,85.07654300000013,85.64855100000023,85.43890299999975,85.30721600000015,85.40537800000038,85.037464,85.34841800000004,85.5841089999999,85.53494200000023,85.37148900000011,86.05237099999977,89.06754300000011,86.20003899999983,85.67046800000026,85.79659099999981,85.4398970000002,85.3090229999998,85.46322900000041,85.47944600000028,85.43172400000003],"sum":-67.62388206014354}
, "ark-int-arr": 
{"total":3912.393928,"times":[74.94692500000001,76.31356499999998,77.29147900000001,77.57706100000001,77.23352399999999,78.19164599999999,78.10180900000006,77.61241399999994,77.66481799999997,78.63005899999996,80.15089899999998,78.11250899999993,79.66477099999997,78.166154,78.40424200000007,78.340915,78.05872099999988,77.60685899999999,78.17456700000002,78.28933300000017,78.41009600000007,78.2948449999999,78.31341500000008,79.66532300000017,80.9692399999999,78.56300699999997,78.64300100000014,78.89310599999999,79.10115499999984,81.0860130000001,77.84620600000017,78.0447479999998,77.48777799999971,77.62482799999998,77.68080800000007,77.40401500000007,77.46184600000015,77.81720399999995,77.91130899999962,78.12905300000011,80.2230599999998,78.35586599999988,78.11078700000007,78.17829500000016,78.15337499999987,78.30906400000003,78.39140399999997,78.21122000000014,78.09437700000035,78.30257699999993],"sum":-67.62388206014354}
, "nashorn": 
{"total":236345.116954,"times":[4759.979426,4596.3224740000005,4753.331071999999,4746.2752949999995,4732.258739000001,4725.292393,4696.120964999998,4720.238939000003,4703.126515000004,4595.999386999996,4626.061155000003,4631.115561999999,4632.015885000001,4727.292218000002,4724.160273000001,4723.671147000001,4723.928769999999,4732.083956999995,4731.1516529999935,4728.69580300001,4724.916432000013,4727.629023000001,4739.16386700001,4732.082426000008,4703.389036999986,4626.7221680000075,4653.398644999994,4655.347543999989,4668.510810999986,4770.624808000022,4758.7690140000195,4767.8424109999905,4763.955147000001,4762.376214999997,4767.774210000003,4769.067861999996,4757.6024819999875,4759.437437000015,4759.355138999992,4761.418627999985,4763.5114390000235,4766.457144999993,4761.852242000023,4771.800997000013,4767.175533000001,4770.5264869999955,4766.078669999988,4769.867382999975,4773.776876000018,4765.488554999989],"sum":-67.62388206014354}
, "nashorn-int": 
{"total":281886.712285,"times":[5828.5981280000005,5643.054864000001,5636.909291,5629.1807869999975,5628.694216,5628.757887,5617.595373999997,5629.568800000001,5615.0730579999945,5630.5696000000025,5634.3776970000035,5636.746229000004,5630.656428000002,5631.431645999997,5660.214024000001,5666.541738,5661.293567000001,5653.561621000001,5658.349763000006,5648.886040999991,5634.917184000005,5653.380104999989,5646.71514,5659.518472000011,5664.205434999982,5671.723812000011,5675.666226000001,5668.749462999986,5669.071941000002,5665.2301959999895,5606.780698999995,5605.297103000019,5598.571698999993,5607.370465999993,5618.794093000004,5612.622199999983,5613.503920999996,5609.163382999977,5613.278331999987,5614.4762559999945,5617.5562590000045,5609.949258000008,5613.338241999998,5610.497922999988,5614.736917000002,5620.1703009999765,5615.737236999994,5619.816315000004,5622.403183999995,5627.295551999996],"sum":-67.62388206014354}
, "nashorn-int-arr": 
{"total":333187.29140399996,"times":[6842.788671,6664.7321409999995,6649.854394,6650.215914,6644.629032999997,6632.969146000003,6632.526912000001,6648.889433000004,6650.477776,6641.585896000004,6644.173199000012,6653.337455999994,6648.3718510000035,6642.962620000006,6671.134477,6672.829249000002,6668.122489999994,6664.711643999995,6655.963908999998,6671.379113000003,6684.027646999981,6681.347885999974,6684.5144680000085,6664.553547999996,6671.064230999997,6689.456210000004,6695.870720000006,6698.718032000004,6691.287123999995,6683.313095999998,6618.004157000018,6631.078848000005,6638.0355279999785,6631.632049999986,6621.736068999977,6647.30772099999,6642.139089000004,6664.731279,6662.3960640000005,6657.666001000034,6660.047298999969,6663.358741000004,6660.9981569999945,6652.221247999987,6657.537236000004,6670.718500999967,6662.845815999957,6669.2297140000155,6665.526770999946,6675.523285000003],"sum":-67.62388206014354}
, "graal": 
{"total":380.262147,"times":[367.58157200000005],"sum":-1.3524771576757244}
, "graal-int": 
{"total":795.7336640000001,"times":[782.475862],"sum":-1.3524771576757244}
, "graal-int-arr": 
{"total":686.068304,"times":[673.754818],"sum":-1.3524771576757244}
}
